round,n_structures,mean_ca_rmsd,median_ca_rmsd,min_ca_rmsd,max_ca_rmsd
round1_unconstrained,6,0.7820331079854674,0.7546837723798805,0.5449363229424234,1.094272768719449
round2_constrained,5,0.7142446682098706,0.7133336823658887,0.683969388142281,0.7383843401467907
